blend,fold,n,pearson,spearman,decile_spread,top_decile_net,r2_vs_zero
patchtst,1,21800,0.041859780339275,0.06986714363401637,0.0021080890491002135,0.0005555107916213548,-0.002441581247906832
gbm_lags,1,21800,0.10052768844267351,0.11025218577536018,0.006210456690898956,0.003520018394339783,0.010402750432159102
gbm_last,1,21800,0.08360123789605221,0.10553723282599149,0.0050734112486045665,0.0032927837910263855,0.006829883587018526
momentum_ols,1,21800,0.05073837018220429,0.07457764746758985,0.0028120510244332413,0.001986082290588119,0.001916357203849528
momentum_raw,1,21800,-0.05073837003954982,-0.07457764746758985,-0.0028120510244332413,-0.0008259687338451223,-1.0816863462251822
ridge_lags,1,21800,0.05343341699563267,0.05438554660714251,0.0026475461622986595,0.0016261548321811618,0.002264347739169059
ridge_last,1,21800,0.05324789598294096,0.043326167050380296,0.002531336295795456,0.002241232417483089,0.0013557950914002692
zsum:gbm_lags,1,21800,0.08886151498239173,0.10806408053084136,0.005500261105923086,0.00284065589652776,
ols:gbm_lags,1,21800,0.0598943974491738,0.08734205259772115,0.003300725483797261,0.0015186959518197725,0.004933729997293801
ols_nn:gbm_lags,1,21800,0.0598943974491738,0.08734205259772115,0.003300725483797261,0.0015186959518197725,0.004933729997293801
zsum:gbm_last,1,21800,0.08162290181734276,0.10854161351768173,0.005506685487541599,0.003166775571094004,
ols:gbm_last,1,21800,0.0728706581139584,0.10161613849395539,0.005122101214214827,0.00295025656994381,0.006558718866912838
ols_nn:gbm_last,1,21800,0.0728706581139584,0.10161613849395539,0.005122101214214827,0.00295025656994381,0.006558718866912838
zsum:momentum_ols,1,21800,0.06030000617374927,0.0853659689951663,0.003743190786955659,0.0025502866581665557,
ols:momentum_ols,1,21800,0.05705002500584515,0.08184279759797228,0.003452496834945223,0.0022343657296152054,0.004554956362356477
ols_nn:momentum_ols,1,21800,0.05705002500584515,0.08184279759797228,0.003452496834945223,0.0022343657296152054,0.004554956362356477
zsum:momentum_raw,1,21800,-0.01068350436112119,1.7938921895926474e-06,-0.00044485901712129964,-0.0008154650689055516,
ols:momentum_raw,1,21800,0.05705002511974807,0.08184280607249349,0.003452496834945223,0.0022343657296152054,0.004554956373422625
ols_nn:momentum_raw,1,21800,0.041859780339275,0.06986714363401637,0.0021080890491002135,0.0005555107916213548,0.00303742722088296
zsum:ridge_lags,1,21800,0.0611169705759251,0.07816324615654141,0.003816180462118868,0.002327022248967802,
ols:ridge_lags,1,21800,0.054372127751160994,0.07746172573947555,0.003333447855760857,0.0017779096798326806,0.004220375630407669
ols_nn:ridge_lags,1,21800,0.054372127751160994,0.07746172573947555,0.003333447855760857,0.0017779096798326806,0.004220375630407669
zsum:ridge_last,1,21800,0.061529183590627576,0.07479261622306674,0.0038045953606713973,0.0026731165789584937,
ols:ridge_last,1,21800,0.054612106590072644,0.07638159961942548,0.003734504069037889,0.002217718750760265,0.00418799250218449
ols_nn:ridge_last,1,21800,0.054612106590072644,0.07638159961942548,0.003734504069037889,0.002217718750760265,0.00418799250218449
ols_all,1,21800,0.05630562267340747,0.08164100460641162,0.0035459809987635734,0.002412767763901355,0.004144846344614317
ols_all_nn,1,21800,0.08607125635079343,0.11012460469608312,0.005780689765873447,0.003656666506227285,0.008404695087234848
ols_all_no_patchtst,1,21800,0.0708244387415182,0.08693563023931371,0.004947164534750625,0.0034561161473056472,0.006123067170608842
patchtst,2,21800,0.039619897137958146,0.06744374747621301,0.0028455835070500817,-0.0002746247745950231,-0.004738265547048481
gbm_lags,2,21800,0.02850960192353583,0.06394805936798764,0.0011220905978032098,-0.0017897688117249413,-0.010769377810952774
gbm_last,2,21800,0.04874021089962771,0.05445888738661853,0.0016527444203990327,-0.0008965953994284432,-0.0031073156713696815
momentum_ols,2,21800,0.017599406425407832,0.0397922794026884,-8.971050888374168e-05,-0.0014533885186981867,-0.0007115775791057821
momentum_raw,2,21800,-0.01759940764137022,-0.0397922794026884,8.971050888374168e-05,-0.001363678009814445,-1.0063539822963516
ridge_lags,2,21800,-0.020046800457209822,0.03404177374761731,-0.0007130924470202277,-0.0021843297457390565,-0.01042700593881385
ridge_last,2,21800,-0.0056078249848814914,0.01941077989893071,-0.001853593162253874,-0.0028222794367609508,-0.003237656479497586
zsum:gbm_lags,2,21800,0.04108118632802951,0.08051172170459141,0.002067263576924617,-0.0015099976605751205,
ols:gbm_lags,2,21800,0.034769846277324816,0.07531995978465715,0.0014225168734919194,-0.0019967209145039053,-0.013865361756657979
ols_nn:gbm_lags,2,21800,0.034769846277324816,0.07531995978465715,0.0014225168734919194,-0.0019967209145039053,-0.013865361756657979
zsum:gbm_last,2,21800,0.054766621886719574,0.08078009286598647,0.0026060393023709955,-0.0008266941950771287,
ols:gbm_last,2,21800,0.05532642104388132,0.07606861845558739,0.002406780925777489,-0.0009532935934761538,-0.00714820230221358
ols_nn:gbm_last,2,21800,0.05532642104388132,0.07606861845558739,0.002406780925777489,-0.0009532935934761538,-0.00714820230221358
zsum:momentum_ols,2,21800,0.03742943542667342,0.07047257884460026,0.001096314552385326,-0.0015329282982400917,
ols:momentum_ols,2,21800,0.03881159185131463,0.0710587382569642,0.001373873022999059,-0.0013415916135835295,-0.006627054646656916
ols_nn:momentum_ols,2,21800,0.03881159185131463,0.0710587382569642,0.001373873022999059,-0.0013415916135835295,-0.006627054646656916
zsum:momentum_raw,2,21800,0.021821387465681394,0.02997013445958884,0.0013298908152688004,-0.0008454849693661454,
ols:momentum_raw,2,21800,0.0388115924399704,0.07105874001522612,0.001373873022999059,-0.0013415916135835295,-0.006627054545045308
ols_nn:momentum_raw,2,21800,0.03961989713795816,0.06744374747621301,0.0028455835070500817,-0.0002746247745950231,-0.0046777101965742585
zsum:ridge_lags,2,21800,0.014394825880001644,0.061646038212917934,0.0012170202472063484,-0.0010851412128919037,
ols:ridge_lags,2,21800,0.008557606778262401,0.05856825099111351,0.0011055271442882916,-0.001247341313734389,-0.010568152145135734
ols_nn:ridge_lags,2,21800,0.008557606778262401,0.05856825099111351,0.0011055271442882916,-0.001247341313734389,-0.010568152145135734
zsum:ridge_last,2,21800,0.024413217994472408,0.05710885257798002,0.000776413892052823,-0.0017431141098484093,
ols:ridge_last,2,21800,0.024211933398289004,0.05695821534144776,0.0007222364648583573,-0.0017717263858471922,-0.006812588020158827
ols_nn:ridge_last,2,21800,0.024211933398289004,0.05695821534144776,0.0007222364648583573,-0.0017717263858471922,-0.006812588020158827
ols_all,2,21800,0.030567919217052913,0.07152195398830286,0.001360288143542183,-0.0017542998500429457,-0.015324071687448315
ols_all_nn,2,21800,0.030861250358006638,0.07133567332613742,0.0013767418558543777,-0.0015907025590083997,-0.017181820649967205
ols_all_no_patchtst,2,21800,0.024382255547261703,0.06338644225054828,0.0010305800194188007,-0.001908293551180956,-0.016448283933744978
patchtst,3,22040,0.02691957917426176,0.030428717604404416,0.001595864604108558,0.00048461359003463666,-0.0065716812770724164
gbm_lags,3,22040,0.07537641703873732,0.04115197465746234,0.0015367171796117026,0.0005682181119445397,0.0032408909750444304
gbm_last,3,22040,0.07993050670136034,0.054322139179758026,0.002031211446760715,0.00022723346422907063,0.004610869593107192
momentum_ols,3,22040,0.007773762446600241,0.03912214272034239,0.00028233593403801304,-0.0007221129521078405,-0.00046740798861000243
momentum_raw,3,22040,-0.007773762841268598,-0.03912214272034239,-0.00028233593403801304,-0.0010044488861458535,-1.0008416173715742
ridge_lags,3,22040,0.03872637647381344,0.03200209114407617,0.00219622605180751,-4.270977615724236e-05,0.0006067262877177404
ridge_last,3,22040,0.017844444791430124,0.03712039043633664,0.0019694733131202483,0.0001739380162187141,0.00013173245811537448
zsum:gbm_lags,3,22040,0.062297490430158496,0.0421404319215539,0.0016783019010783984,0.000808355799342048,
ols:gbm_lags,3,22040,0.06017570371828738,0.04149421358964112,0.001800965420197447,0.0009364146798709345,0.002269149557890038
ols_nn:gbm_lags,3,22040,0.06017570371828738,0.04149421358964112,0.001800965420197447,0.0009364146798709345,0.002269149557890038
zsum:gbm_last,3,22040,0.06659912442828761,0.0527788757967215,0.0023833309273497117,0.0006146325998313868,
ols:gbm_last,3,22040,0.07421778633780785,0.05589735564061086,0.0023784498535083173,0.0005386073468588528,0.0041431931946213085
ols_nn:gbm_last,3,22040,0.07421778633780785,0.05589735564061086,0.0023784498535083173,0.0005386073468588528,0.0041431931946213085
zsum:momentum_ols,3,22040,0.02168730436107988,0.03939726659133747,0.0019498337112174783,0.00010762377909721973,
ols:momentum_ols,3,22040,0.026169491424201587,0.036573332570946346,0.0014786412943225721,0.00021215447232574253,-0.00023999138051733482
ols_nn:momentum_ols,3,22040,0.026169491424201587,0.036573332570946346,0.0014786412943225721,0.00021215447232574253,-0.00023999138051733482
zsum:momentum_raw,3,22040,0.014973789211824644,-0.0024787836462335624,0.0010512759619018858,-0.000336012866390617,
ols:momentum_raw,3,22040,0.026169491830198593,0.036573332776621885,0.0014786412943225721,0.00021215447232574253,-0.00023999134319785398
ols_nn:momentum_raw,3,22040,0.026919579174261753,0.030428717604404416,0.001595864604108558,0.00048461359003463666,-0.00013920173945503045
zsum:ridge_lags,3,22040,0.04085508268866491,0.03467877935593388,0.0019697519596370834,0.0004207469963580378,
ols:ridge_lags,3,22040,0.02747508234487051,0.030747748905680015,0.0016208131609281935,0.0004823321570336992,-0.00011543813338077413
ols_nn:ridge_lags,3,22040,0.02747508234487051,0.030747748905680015,0.0016208131609281935,0.0004823321570336992,-0.00011543813338077413
zsum:ridge_last,3,22040,0.028237300688035562,0.03714991835473585,0.0018018493350685717,0.00021692495518665618,
ols:ridge_last,3,22040,0.027681784933980207,0.03794254577684806,0.0017543231339721076,0.00017624817779688588,-0.0001780303652887394
ols_nn:ridge_last,3,22040,0.027681784933980207,0.03794254577684806,0.0017543231339721076,0.00017624817779688588,-0.0001780303652887394
ols_all,3,22040,0.038632448396880695,0.03780052831435725,0.0017510074199088167,-0.00035462405836101274,0.00015837562371978642
ols_all_nn,3,22040,0.055014516632949144,0.053587223988462024,0.0018126980627367942,0.00048352009273621593,-0.00017075918447506666
ols_all_no_patchtst,3,22040,0.043550647285741,0.032326297550615814,0.001270261555779645,-0.00047048767076508606,0.0008645493610115462
patchtst,4,22040,0.1015738517206501,0.11878455242782839,0.007843588654777012,0.004108388285834029,0.011497371309560522
gbm_lags,4,22040,0.0558100396089209,0.06930209188836726,0.0022677730652744662,0.002680095706077458,0.0016815265871135132
gbm_last,4,22040,0.054241369157607994,0.05202511072294695,0.0012467780587347493,0.0019188911506590972,0.0004144738915754509
momentum_ols,4,22040,0.02296542819768433,0.0451538570929799,0.0015316827685437962,0.002216016442438496,0.0011173036258664837
momentum_raw,4,22040,-0.022965428234725055,-0.0451538570929799,-0.0015316827685437962,0.0006843336738946999,-1.0260488076631153
ridge_lags,4,22040,0.06260229820752469,0.05461436703985762,0.004670557625858602,0.0033943570118334506,0.0036309513075291067
ridge_last,4,22040,0.06649545352056935,0.045649450638973466,0.004033019213451661,0.0029664312760871326,0.004980061130658853
zsum:gbm_lags,4,22040,0.09301901309811852,0.10766865868960201,0.0059388937077895125,0.004038373092081821,
ols:gbm_lags,4,22040,0.039582911577401285,0.04810320639745223,0.0010421187540147125,0.001911101894605604,-8.500865633620514e-05
ols_nn:gbm_lags,4,22040,0.05581003960892092,0.06930209188836726,0.0022677730652744662,0.002680095706077458,0.0022126235746133815
zsum:gbm_last,4,22040,0.0936505883882318,0.10332365384968904,0.005439825140174121,0.003479326613333343,
ols:gbm_last,4,22040,0.047192944082771235,0.04078982995491163,0.0009939122383679296,0.0018659492201856624,0.0006679665214595065
ols_nn:gbm_last,4,22040,0.054241369157608,0.05202511072294695,0.0012467780587347493,0.0019188911506590972,0.0016804009456324875
zsum:momentum_ols,4,22040,0.07101531037613204,0.09650881847057088,0.004669224882529072,0.0037900526074095267,
ols:momentum_ols,4,22040,0.1006028705096001,0.11910644072826385,0.008265892091960842,0.004662843005317181,0.0024315387184484782
ols_nn:momentum_ols,4,22040,0.1006028705096001,0.11910644072826385,0.008265892091960842,0.004662843005317181,0.0024315387184484782
zsum:momentum_raw,4,22040,0.04583476040880709,0.04377149048310407,0.003127280043833118,0.0017515344315474234,
ols:momentum_raw,4,22040,0.10060287012428666,0.11910643229276584,0.008265892091960842,0.004662843005317181,0.0024315387168815095
ols_nn:momentum_raw,4,22040,0.10157385172065013,0.11878455242782839,0.007843588654777012,0.004108388285834029,0.002358609601674444
zsum:ridge_lags,4,22040,0.09852145315413417,0.10234542271327936,0.007443152525554882,0.0050895774963931216,
ols:ridge_lags,4,22040,0.08412453221803151,0.08584514293115844,0.006323550470199796,0.004423033521171989,0.004988404309815397
ols_nn:ridge_lags,4,22040,0.08412453221803151,0.08584514293115844,0.006323550470199796,0.004423033521171989,0.004988404309815397
zsum:ridge_last,4,22040,0.1011631465369926,0.098282883665935,0.006942862347525488,0.004965083228118889,
ols:ridge_last,4,22040,0.0984591125896413,0.09467541952169507,0.006618199474957681,0.004756490786617874,0.004493302915498543
ols_nn:ridge_last,4,22040,0.0984591125896413,0.09467541952169507,0.006618199474957681,0.004756490786617874,0.004493302915498543
ols_all,4,22040,0.03548365355811939,0.030526715933251725,0.0012156283533302802,0.0024565027025789813,-0.0020101601985265116
ols_all_nn,4,22040,0.06953630649990286,0.07213519636025574,0.0028806946357540116,0.002900538035580524,0.0006484011943999057
ols_all_no_patchtst,4,22040,0.044484368760486045,0.043269713033717426,0.002009726870169032,0.002735446362491363,-0.0003751946000312145
patchtst,5,21560,0.08069782371927688,0.0983118786159258,0.00601127518227574,-0.0004797512185120234,0.00481622547907723
gbm_lags,5,21560,0.054916360691728845,0.05760957550390096,0.0031769321324549536,0.00036856744100518114,-0.0013212267745792428
gbm_last,5,21560,0.07873353693970034,0.06197162014270377,0.0039012024371812624,0.0008141232195290964,0.003030547675936801
momentum_ols,5,21560,-0.013693392878595095,-0.008027646067934085,-0.0014659519934269363,-0.0018974223408787356,-0.0014101676962132714
momentum_raw,5,21560,0.013693394830336473,0.008027646067934085,0.0014659519934269363,-0.0004314703474517993,-0.8710333984767424
ridge_lags,5,21560,0.07074105214771563,0.0419062633603389,0.005642499539464353,0.0014219187899621193,0.003721640858245445
ridge_last,5,21560,0.033622240690175734,0.0251555798078666,0.0005273013511364408,-0.001610109069845501,0.0005537299661224626
zsum:gbm_lags,5,21560,0.08121063115173084,0.10453213817018946,0.004761758413436625,0.00010744245468610964,
ols:gbm_lags,5,21560,0.08490517881039952,0.10724721852732769,0.005937914508906037,-0.0003459253816274966,0.0029642324070237036
ols_nn:gbm_lags,5,21560,0.08490517881039952,0.10724721852732769,0.005937914508906037,-0.0003459253816274966,0.0029642324070237036
zsum:gbm_last,5,21560,0.09964186977424626,0.11433443135680905,0.0059208771903512215,0.0006928700328819994,
ols:gbm_last,5,21560,0.09786419798106967,0.11523041309183485,0.006716819446727454,0.0006043167577286822,0.005091504728830798
ols_nn:gbm_last,5,21560,0.09786419798106967,0.11523041309183485,0.006716819446727454,0.0006043167577286822,0.005091504728830798
zsum:momentum_ols,5,21560,0.044782688137929905,0.06705521713968095,0.0029046865868070488,-0.0004079827525127565,
ols:momentum_ols,5,21560,0.0793559909737898,0.09729463426872298,0.005823345092284836,-0.0002578651652735788,0.002415828346529869
ols_nn:momentum_ols,5,21560,0.0793559909737898,0.09729463426872298,0.005823345092284836,-0.0002578651652735788,0.002415828346529869
zsum:momentum_raw,5,21560,0.07469184017321324,0.07852261105165594,0.006722661413609388,0.0009451000581064655,
ols:momentum_raw,5,21560,0.07935599045394186,0.09729463051610829,0.005823345092284836,-0.0002578651652735788,0.002415828239257789
ols_nn:momentum_raw,5,21560,0.08069782371927689,0.0983118786159258,0.00601127518227574,-0.0004797512185120234,0.0027093928728630923
zsum:ridge_lags,5,21560,0.08917121142816187,0.08744993474357393,0.007655943341574054,0.00046732366447002627,
ols:ridge_lags,5,21560,0.08947714468010304,0.08929124110056498,0.007646220797956724,0.0005264009737556087,0.004473263140327921
ols_nn:ridge_lags,5,21560,0.08947714468010304,0.08929124110056498,0.007646220797956724,0.0005264009737556087,0.004473263140327921
zsum:ridge_last,5,21560,0.0736893349404176,0.09110418347206038,0.005497273852307345,0.0010668531079974749,
ols:ridge_last,5,21560,0.07604407072377783,0.09437715150068367,0.005695629640540709,0.0009974929188172972,0.0011644911793835533
ols_nn:ridge_last,5,21560,0.07604407072377783,0.09437715150068367,0.005695629640540709,0.0009974929188172972,0.0011644911793835533
ols_all,5,21560,0.10726247814895498,0.10977497217443194,0.008438740801775127,0.0021145573296476733,0.007810317860544647
ols_all_nn,5,21560,0.09613442735265991,0.10720607208966784,0.00669568458780441,0.0008461604881856084,0.0022174775974125316
ols_all_no_patchtst,5,21560,0.0936595393985914,0.07036815354298738,0.006654228156515177,0.0017719881958281104,0.0048371730282407155
