blend,fold,patchtst,gbm_lags,intercept,gbm_last,momentum_ols,momentum_raw,ridge_lags,ridge_last
ols:gbm_lags,1,0.5011543258591227,0.1216006673429348,0.0011835764593984416,,,,,
ols_nn:gbm_lags,1,0.5011543258591227,0.1216006673429348,0.0011835764593984416,,,,,
ols:gbm_last,1,0.47059844769827686,,0.00118985618756684,0.3114626860698785,,,,
ols_nn:gbm_last,1,0.47059844769827686,,0.00118985618756684,0.3114626860698785,,,,
ols:momentum_ols,1,0.4881117494421608,,0.0010858064985088678,,1.5002692091257575,,,
ols_nn:momentum_ols,1,0.4881117494421608,,0.0010858064985088678,,1.5002692091257575,,,
ols:momentum_raw,1,0.48811174840383675,,0.0012217507864709723,,,-0.02917459836115066,,
ols_nn:momentum_raw,1,0.48811174840383675,,0.0011880870324876178,,,0.0,,
ols:ridge_lags,1,0.5040189250030611,,0.0011981720060768586,,,,0.7449778200083794,
ols_nn:ridge_lags,1,0.5040189250030611,,0.0011981720060768586,,,,0.7449778200083794,
ols:ridge_last,1,0.509111557188238,,0.001137768043306231,,,,,1.7644019788575793
ols_nn:ridge_last,1,0.509111557188238,,0.001137768043306231,,,,,1.7644019788575793
ols_all,1,0.48310865600854,-0.4274214086630972,0.0011341748289658837,0.4896256972010232,1.3960262955830736,,0.7942461129036117,-0.20106134635507897
ols_all_nn,1,0.48310865600854,0.0,0.0011070818095292837,0.4896256972010232,1.3960262955830736,,0.7942461129036117,0.0
ols_all_no_patchtst,1,,-0.24462493162507973,0.0010719703320392904,0.46194277526927674,1.4708674113944382,,1.064561714368932,-0.34761538884985493
ols:gbm_lags,2,0.2535898737085188,0.8415466600722078,0.0006747822400220427,,,,,
ols_nn:gbm_lags,2,0.2535898737085188,0.8415466600722078,0.0006747822400220427,,,,,
ols:gbm_last,2,0.384583782441169,,0.0006995553546723654,0.7906778391167688,,,,
ols_nn:gbm_last,2,0.384583782441169,,0.0006995553546723654,0.7906778391167688,,,,
ols:momentum_ols,2,0.5133512419489696,,0.0004576402037397287,,1.9896162697751816,,,
ols_nn:momentum_ols,2,0.5133512419489696,,0.0004576402037397287,,1.9896162697751816,,,
ols:momentum_raw,2,0.5133512417782569,,0.0008029560773061342,,,-0.040016656418079125,,
ols_nn:momentum_raw,2,0.5133512417782569,,0.0007720687990162014,,,0.0,,
ols:ridge_lags,2,0.3943215819228194,,0.0007335528775436195,,,,0.6546952322626645,
ols_nn:ridge_lags,2,0.3943215819228194,,0.0007335528775436195,,,,0.6546952322626645,
ols:ridge_last,2,0.46578920358473397,,0.0007207945030883733,,,,,0.7958492446381702
ols_nn:ridge_last,2,0.46578920358473397,,0.0007207945030883733,,,,,0.7958492446381702
ols_all,2,0.18643429089711433,0.6382515251527876,0.0007856377925572477,0.29734847962859356,-0.8498586844587254,,0.35253255586950893,-0.015011450832991158
ols_all_nn,2,0.18643429089711433,0.6382515251527876,0.0006503590441918213,0.29734847962859356,0.0,,0.35253255586950893,0.0
ols_all_no_patchtst,2,,0.6781829622814671,0.0007737566304738541,0.2929955088108678,-0.8136089927142285,,0.42670416185096194,-0.040408905400821676
ols:gbm_lags,3,0.21167844558612944,0.1880689618666243,-0.0005703651536117516,,,,,
ols_nn:gbm_lags,3,0.21167844558612944,0.1880689618666243,-0.0005703651536117516,,,,,
ols:gbm_last,3,0.17872809957181499,,-0.0006314762037787913,0.35963233029388153,,,,
ols_nn:gbm_last,3,0.17872809957181499,,-0.0006314762037787913,0.35963233029388153,,,,
ols:momentum_ols,3,0.26425044045288937,,-0.0006003279834110864,,0.4426705395038471,,,
ols_nn:momentum_ols,3,0.26425044045288937,,-0.0006003279834110864,,0.4426705395038471,,,
ols:momentum_raw,3,0.264250444080785,,-0.000503739805586512,,,-0.009621696065366565,,
ols_nn:momentum_raw,3,0.264250444080785,,-0.0004981577514568589,,,0.0,,
ols:ridge_lags,3,0.28369765429171223,,-0.0004972285826229314,,,,0.05033110322836375,
ols_nn:ridge_lags,3,0.28369765429171223,,-0.0004972285826229314,,,,0.05033110322836375,
ols:ridge_last,3,0.2192189392326855,,-0.0005145268797892566,,,,,0.8801246772545458
ols_nn:ridge_last,3,0.2192189392326855,,-0.0005145268797892566,,,,,0.8801246772545458
ols_all,3,0.24050270387842132,-0.14129136213049961,0.00013325816145781655,0.4434858896613488,-1.0757619502555038,,-4.422876211351222,1.8644117534377727
ols_all_nn,3,0.24050270387842132,0.0,-0.0006387675353354292,0.4434858896613488,0.0,,0.0,1.8644117534377727
ols_all_no_patchtst,3,,-0.04793981360602091,-2.708787607057228e-05,0.4260218993652975,-0.9661738818898656,,-4.115168009808988,1.8412882650923865
ols:gbm_lags,4,-0.16274215331038783,0.7596439565457365,-0.00018677771833608414,,,,,
ols_nn:gbm_lags,4,0.0,0.7596439565457365,-0.0002436212234250863,,,,,
ols:gbm_last,4,-0.06847644774235905,,-0.00024806633991825144,0.6882725247146992,,,,
ols_nn:gbm_last,4,0.0,,-0.00027198418312327616,0.6882725247146992,,,,
ols:momentum_ols,4,0.1678983093761143,,-0.0001672572531701555,,0.10656376874873823,,,
ols_nn:momentum_ols,4,0.1678983093761143,,-0.0001672572531701555,,0.10656376874873823,,,
ols:momentum_raw,4,0.16789830836937247,,-0.00014977621051946938,,,-0.0022859076179040884,,
ols_nn:momentum_raw,4,0.16789830836937247,,-0.0001496230382354668,,,0.0,,
ols:ridge_lags,4,0.10278941941608098,,-0.00015912862705724784,,,,1.064451699446239,
ols_nn:ridge_lags,4,0.10278941941608098,,-0.00015912862705724784,,,,1.064451699446239,
ols:ridge_last,4,0.12656505079845548,,-0.00012295449428745275,,,,,0.4332327769640375
ols_nn:ridge_last,4,0.12656505079845548,,-0.00012295449428745275,,,,,0.4332327769640375
ols_all,4,-0.13418810032613704,0.6429190973668687,4.527818635813308e-05,0.5228017515845598,-2.640068998397539,,1.5115905623346189,-1.240486619282183
ols_all_nn,4,0.0,0.6429190973668687,-0.00040344889227691245,0.5228017515845598,0.0,,1.5115905623346189,0.0
ols_all_no_patchtst,4,,0.5901204686167925,1.8246859239567925e-05,0.5339276217149003,-2.6890200624255796,,1.385210779377624,-1.2324753486444393
ols:gbm_lags,5,1.0046601413152636,0.2655100133396768,0.0003363660863605067,,,,,
ols_nn:gbm_lags,5,1.0046601413152636,0.2655100133396768,0.0003363660863605067,,,,,
ols:gbm_last,5,0.9869269656422192,,0.0003363714969911724,0.3743251531704649,,,,
ols_nn:gbm_last,5,0.9869269656422192,,0.0003363714969911724,0.3743251531704649,,,,
ols:momentum_ols,5,1.1085411703377377,,0.0003082229247275692,,0.20268707892176446,,,
ols_nn:momentum_ols,5,1.1085411703377377,,0.0003082229247275692,,0.20268707892176446,,,
ols:momentum_raw,5,1.108541167000531,,0.00033850788432344264,,,-0.0042046451657471425,,
ols_nn:momentum_raw,5,1.108541167000531,,0.0003344670851338202,,,0.0,,
ols:ridge_lags,5,0.8519938438508333,,0.00036022068458929635,,,,0.5893993801640699,
ols_nn:ridge_lags,5,0.8519938438508333,,0.00036022068458929635,,,,0.5893993801640699,
ols:ridge_last,5,0.9774047016552772,,4.958904951490872e-05,,,,,1.722964173585912
ols_nn:ridge_last,5,0.9774047016552772,,4.958904951490872e-05,,,,,1.722964173585912
ols_all,5,0.8820968440784963,-0.29130571132347005,0.00030644106696708917,0.5241058434522634,-1.3100951313794225,,0.3521285448603272,1.0738823399398931
ols_all_nn,5,0.8820968440784963,0.0,7.551191122056114e-05,0.5241058434522634,0.0,,0.3521285448603272,1.0738823399398931
ols_all_no_patchtst,5,,-0.09915466812622141,0.0007304450972149684,0.482342071399289,-1.1610067559013852,,0.5490689709546518,0.9537698417373396
