fold,seed,feature_set,loss,split,best_epoch,n_params,minutes,n,mae,rmse,huber,pred_std,actual_std,prediction_bias,pearson,pearson_p,spearman,spearman_p,directional_accuracy,n_above_cost,directional_accuracy_above_cost,calibration_slope,calibration_intercept,baseline_zero_mae,baseline_zero_rmse,rmse_vs_zero_ratio,r2_vs_zero,decile_spread,decile_spearman
1,0,F2,huber,val,5,740167,40.23,22040,0.010553904876614692,0.016018843918500843,8.876977969949246e-05,0.0022366973617316517,0.015896970642397232,-0.0019741831188411193,0.07045827455895463,1.154644945818619e-25,0.08826223153863645,2.2703723663169326e-39,0.5222323049001815,14247,0.5305678388432652,0.500770976593143,0.0015539342204960807,0.01043928750479408,0.015937251225684464,1.0051196214241063,-0.010265453371739008,0.004284098802600056,0.9393939393939393
1,0,F2,huber,test,5,740167,40.23,21800,0.011983002688080604,0.018402399695031296,0.00011417595536003519,0.002351696766243358,0.018265249414392472,-0.001555486187332244,0.034001656303534744,5.128329283301118e-07,0.05790923716541667,1.1595607243279189e-17,0.5123394495412844,14427,0.5186802523047065,0.2640853794592686,0.0009807948061274147,0.011828840306063884,0.018281665322906652,1.006604123311095,-0.01325186106689813,0.0018738171202130616,0.8909090909090909
1,1,F2,huber,val,4,740167,31.52,22040,0.010527834715163725,0.015959700143541977,8.836463328985985e-05,0.002035343790061571,0.015896970642397232,-0.0003105082386508109,0.03462573341394788,2.7220100032386235e-07,0.040060370794941,2.6918761429608845e-09,0.5172867513611615,13625,0.5282201834862386,0.2704428953186089,0.0009101159561118317,0.01043928750479408,0.015937251225684464,1.0014085815389127,-0.0028191471797771595,0.001703159767203033,0.9515151515151514
1,1,F2,huber,test,4,740167,31.52,21800,0.011895534170281602,0.018322764550566067,0.0001130768810650194,0.002142055541337986,0.018265249414392472,0.00016619537815787917,0.03209772226507765,2.1359018864275967e-06,0.055967743953589416,1.3446970766055407e-16,0.5170642201834862,13788,0.5263272410791993,0.2736964058547893,0.0005170822045797495,0.011828840306063884,0.018281665322906652,1.0022481118067466,-0.004501277620188704,0.001560610020533204,0.9272727272727272
1,2,F2,huber,val,4,740167,31.92,22040,0.010601573682661082,0.016047233080998834,8.918545109128305e-05,0.0021680143840552995,0.015896970642397232,-0.0013096280654116067,0.023435435990709953,0.0005023953723993867,0.030152698377894832,7.562984489678782e-06,0.5071687840290381,13681,0.5077845186755354,0.17184039030185366,0.0011628444325957265,0.01043928750479408,0.015937251225684464,1.0069009300133966,-0.013849482861843176,0.0019637341974885203,0.6727272727272726
1,2,F2,huber,test,4,740167,31.92,21800,0.01191112283169214,0.018337145270995867,0.00011350753063609548,0.0021317231708460793,0.018265249414392472,-0.0009110519454153096,0.0352201911639657,1.9767117169301455e-07,0.05371595603228845,2.082333103088873e-15,0.5164678899082569,13191,0.5248275339246455,0.30177725927569105,0.000815753597530637,0.011828840306063884,0.018281665322906652,1.003034731634634,-0.0060786728653621225,0.0017485988792032003,0.8303030303030302
1,3,F2,huber,val,4,740167,31.92,22040,0.010566303332072249,0.0160327162919984,8.888510764090773e-05,0.0019468255122057807,0.015896970642397232,-0.0018819258297657752,0.048426352017045544,6.332355436641625e-13,0.0592310142305694,1.360983987376784e-18,0.5083938294010889,13316,0.5150195253829979,0.3954295295119366,0.0014287769756882202,0.01043928750479408,0.015937251225684464,1.0059900584462198,-0.012015997692628622,0.0030295498436316848,0.8909090909090909
1,3,F2,huber,test,4,740167,31.92,21800,0.011922997683923232,0.018354175151120995,0.00011352147484951699,0.0019856368204382623,0.018265249414392472,-0.0015363387555318141,0.04200215474921311,5.507173816217482e-10,0.07006577004571436,3.880631821472021e-25,0.5142660550458715,13182,0.5216962524654832,0.3863646284857659,0.001068887382384001,0.011828840306063884,0.018281665322906652,1.0039662594699996,-0.00794825015418299,0.0018900494906120002,0.8303030303030302
1,4,F2,huber,val,6,740167,39.91,22040,0.010575174629585366,0.015983179349903353,8.872976024000141e-05,0.0029364328682159064,0.015896970642397232,-0.0007562545063000706,0.06904626056521544,1.043157732902583e-24,0.08415609630516084,6.164842160421897e-36,0.5290834845735027,15631,0.5397607318789585,0.373795835434653,0.0009917904359252375,0.01043928750479408,0.015937251225684464,1.002881809640101,-0.005771924107004001,0.003404141200007871,0.9393939393939393
1,4,F2,huber,test,6,740167,39.91,21800,0.012013802274565314,0.018416954644928846,0.00011450730752989706,0.0029489056209337883,0.018265249414392472,-0.0003956210187116781,0.030519176901648924,6.578352902270466e-06,0.0457032056294175,1.4668990266940733e-11,0.5104587155963303,15426,0.514974718008557,0.18903296669564712,0.0007029320267299068,0.011828840306063884,0.018281665322906652,1.0074002734232683,-0.014855310893276297,0.002063134917989373,0.7333333333333332
2,0,F2,huber,val,4,740167,34.39,21800,0.011814513109176347,0.01826249541756764,0.00011243051884003777,0.0016839025068264544,0.018265249418207827,-0.0007318785947123665,0.05643890384719437,7.474831703866543e-17,0.08203200499194299,7.180105882453025e-34,0.5306880733944954,11168,0.5471883954154728,0.6121914133865574,0.0007484327174250383,0.011828840307204425,0.018281665326812566,0.9989514134023223,0.002096073661502551,0.0032930735033005476,0.9030303030303028
2,0,F2,huber,test,4,740167,34.39,21800,0.010131017726963957,0.015818610392305085,8.238356720381961e-05,0.0017929359643058488,0.015714777956626045,0.000567720543711219,0.0046625015671326485,0.49121705724049747,0.024439959167703605,0.0003075587805827646,0.5051834862385322,11829,0.5110322089779356,0.040866031084538866,-0.0005846735510258952,0.010029459491032943,0.015725677554638287,1.0059096237566811,-0.011854171166308047,0.0006290800520218909,-0.22424242424242422
2,1,F2,huber,val,5,740167,38.68,21800,0.011889483934843289,0.018320139327848296,0.00011312961734980651,0.0024587949849697844,0.018265249418207827,-0.0007202549612552378,0.05072612120432642,6.679706270297621e-14,0.07637308558655585,1.4340341903027687e-29,0.526697247706422,14318,0.5363877636541416,0.3768208661067563,0.0007540997930785249,0.011828840307204425,0.018281665326812566,1.0021045129285515,-0.004213454831769825,0.002133645539288409,0.9393939393939393
2,1,F2,huber,test,5,740167,38.68,21800,0.01013115026399788,0.01583247627706521,8.22330745680999e-05,0.0024947209462987275,0.015714777956626045,0.0004966150025016142,0.035164794741636245,2.0656771376558072e-07,0.06504725974681028,6.995789845094619e-22,0.5201376146788991,14468,0.528683992258778,0.2215105228803308,-0.000565729974803232,0.010029459491032943,0.015725677554638287,1.006791359040388,-0.01362884063839176,0.0024808504967950284,0.4424242424242424
2,2,F2,huber,val,6,740167,42.98,21800,0.01193262406153218,0.018384964938265802,0.00011382346640189377,0.0028575135059688253,0.018265249418207827,-0.00035940370273788633,0.03742781835838703,3.243250755357842e-08,0.06615153257715163,1.4091008452287527e-22,0.5245412844036698,15314,0.5313438683557529,0.23923891735501554,0.0006752421983540269,0.011828840307204425,0.018281665326812566,1.0056504486657314,-0.011332824901586935,0.0017386337858624756,0.8424242424242423
2,2,F2,huber,test,6,740167,42.98,21800,0.01015352962902448,0.01583445871435756,8.248523670671976e-05,0.002866724287982593,0.015714777956626045,0.0008303712939764701,0.056956663807183575,3.898886740107711e-17,0.079817002930654,3.766529039175954e-32,0.519862385321101,15055,0.5309199601461309,0.3122244188714683,-0.0006618831804353812,0.010029459491032943,0.015725677554638287,1.0069174227527757,-0.013882696243092463,0.0035510569578036666,0.8181818181818182
2,3,F2,huber,val,3,740167,30.08,21800,0.011908994167756436,0.0183204613914717,0.00011348175225226042,0.0019906829296085,0.018265249418207827,-0.0007787028912357652,0.03505507399872455,2.2534462427763334e-07,0.04302046343922746,2.0914260156789517e-10,0.511834862385321,12710,0.5193548387096775,0.32164322124687095,0.000775895869059824,0.011828840307204425,0.018281665326812566,1.0021221296837894,-0.004248762801973838,0.002264563401695341,0.7696969696969697
2,3,F2,huber,test,3,740167,30.08,21800,0.010145951123307094,0.01582441852555467,8.24463988616843e-05,0.0020549220256224927,0.015714777956626045,0.000707425476661679,0.019589289684575576,0.003822675049298403,0.03951453084273629,5.340631643564737e-09,0.5106422018348624,12727,0.515675335900055,0.14980682180769195,-0.0006036767388341037,0.010029459491032943,0.015725677554638287,1.006278964488068,-0.012597354371178593,0.0012029868667013943,0.41818181818181815
2,4,F2,huber,val,4,740167,34.38,21800,0.01189592161905439,0.018297145898659675,0.00011294355352552272,0.002366473595564094,0.018265249418207827,-0.001258272438398633,0.06960488382978965,7.905121474811462e-25,0.0929484297526176,4.9088621196273024e-43,0.5226146788990825,14300,0.5330769230769231,0.5372342063142429,0.001034429143822442,0.011828840307204425,0.018281665326812566,1.0008467812734985,-0.0016942795855221515,0.004540048306807876,0.9636363636363635
2,4,F2,huber,test,4,740167,34.38,21800,0.010172715470895679,0.015819282451963994,8.255506231387244e-05,0.0023844618778753,0.015714777956626045,3.908407373382275e-05,0.031914233663782966,2.440837710967046e-06,0.050151196737949696,1.2728124993964192e-13,0.5143119266055046,14155,0.5227128223242671,0.21033051538199427,-0.0004704898295336525,0.010029459491032943,0.015725677554638287,1.0059523602083587,-0.011940151008767552,0.0028801513835787773,0.35757575757575755
3,0,F2,huber,val,4,740167,36.85,21800,0.010073501973439565,0.01576582488565665,8.180310446587256e-05,0.0017985553966804518,0.015714777956083253,0.00038047665110560946,0.03135759683323741,3.6431384459772316e-06,0.055187532271179035,3.518232977408483e-16,0.5174311926605505,11748,0.5307286346612189,0.2739852619386718,-0.0005292510134646516,0.010029459491182465,0.01572567755349212,1.0025529794839023,-0.005112476672049837,0.0019851888646371663,0.5757575757575757
3,0,F2,huber,test,4,740167,36.85,22040,0.0107197725686044,0.01624035649894985,8.968615517877153e-05,0.0017327326336549153,0.016171025110071388,-6.423976089045918e-05,0.013550344732330993,0.04425732246813775,0.021451972053396207,0.0014479464948329267,0.5027223230490018,11419,0.5046851738330852,0.1264609211257505,-7.134949708475575e-05,0.010632552991470937,0.016171281031712705,1.004271490125098,-0.008561225878085166,0.0004911401920253411,0.6848484848484848
3,1,F2,huber,val,5,740167,41.44,21800,0.010164898445856716,0.015839748656967013,8.258110384605797e-05,0.0022428165732859048,0.015714777956083253,-0.0004853703765948346,0.018760187301251854,0.005605743223369901,0.054351382157567185,9.718630076266597e-16,0.5171100917431193,14512,0.5274944873208379,0.131447297726083,-0.000444646527623615,0.010029459491182465,0.01572567755349212,1.0072538116775491,-0.014560241138951158,0.0014445552951656282,0.6969696969696969
3,1,F2,huber,test,5,740167,41.44,22040,0.010808985240299792,0.016296623982466382,9.049480260547986e-05,0.0022489914077194525,0.016171025110071388,-0.0009760147452809555,0.026570620237915225,7.976210360541524e-05,0.035463654063012516,1.3924052975776275e-07,0.5033575317604355,14577,0.5080606434794539,0.19105193802994616,0.00011287258909948581,0.010632552991470937,0.016171281031712705,1.007750959896614,-0.015561997172546915,0.001377529464662075,0.8666666666666665
3,2,F2,huber,val,4,740167,36.84,21800,0.01013926652940093,0.01579554790811281,8.224791213070919e-05,0.0019397722282365989,0.015714777956083253,-0.00024274870539515295,0.020938752093623735,0.001989928540331898,0.04542226663642409,1.9516449841533113e-11,0.513302752293578,13369,0.521504974194031,0.16963220477071164,-0.0004449158676028288,0.010029459491182465,0.01572567755349212,1.0044430743529504,-0.008905889615606455,0.0009150101977866143,0.6484848484848483
3,2,F2,huber,test,4,740167,36.84,22040,0.010744255548118578,0.01625429793403208,8.981913085914646e-05,0.0019046973658236033,0.016171025110071388,-0.000685229113399768,0.02268216789786102,0.0007582318917433765,0.0358999526090435,9.763142240017441e-08,0.5087568058076225,13114,0.5057190788470337,0.19257332593021245,5.8498343520429626e-05,0.010632552991470937,0.016171281031712705,1.0051336008666585,-0.010293555591174952,0.0018201820203103125,0.41818181818181815
3,3,F2,huber,val,5,740167,41.44,21800,0.010156891379147139,0.01583994023395084,8.249296952335813e-05,0.0024849820946710325,0.015714777956083253,0.0007892438678494511,0.03647263488702588,7.180166664848305e-08,0.05595306282972168,1.3694217819059454e-16,0.5128899082568807,14230,0.5178496134926213,0.23064929117679764,-0.000632413254904572,0.010029459491182465,0.01572567755349212,1.007265994108683,-0.014584782887753,0.002969400375150144,0.16363636363636364
3,3,F2,huber,test,5,740167,41.44,22040,0.010804630893123486,0.016321995116188464,9.056842682302662e-05,0.002469525978458372,0.016171025110071388,0.0003390704061886949,0.016377406799008863,0.015040829223446824,0.01760790767712357,0.008946224159018547,0.49587114337568056,14155,0.4994701518897916,0.10724303323585807,-0.0001175846707827582,0.010632552991470937,0.016171281031712705,1.009319860571355,-0.018726580943779547,0.0010019561013905331,0.16363636363636364
3,4,F2,huber,val,3,740167,32.24,21800,0.010139132439261789,0.015827496836238897,8.24014062496266e-05,0.002262249162949412,0.015714777956083253,0.0008347069376078595,0.03177285264046677,2.7038709656990153e-06,0.0560987640163566,1.1426620909175352e-16,0.518302752293578,13729,0.5253113846602083,0.2207110217803422,-0.0006404215590196018,0.010029459491182465,0.01572567755349212,1.0064747151529994,-0.012991352242311072,0.0020339442417025566,0.7575757575757575
3,4,F2,huber,test,3,740167,32.24,22040,0.010804892973976724,0.016264221126945966,9.045836949069373e-05,0.002304034258896163,0.016171025110071388,0.0004237119953235273,0.03308323769233462,8.989388140862756e-07,0.021581287450056354,0.0013547489496480909,0.503130671506352,14060,0.5036273115220483,0.2321970106909395,-0.00016823825930034703,0.010632552991470937,0.016171281031712705,1.0057472314686142,-0.011527493606781958,0.002421940938802436,0.28484848484848485
4,0,F2,huber,val,3,740167,34.41,22040,0.010754403468937296,0.016349217094843924,9.038311727688888e-05,0.002041076767624181,0.01617102511092372,0.001080235075058791,-0.006997819147084089,0.2988785646820077,0.017229399301237267,0.01053064209911035,0.5047186932849365,13605,0.5087835354649026,-0.05544226015610402,-3.6131945016553594e-05,0.010632552993548414,0.0161712810326475,1.0110032137736769,-0.022127498260702927,-0.0002448400482535362,-0.1515151515151515
4,0,F2,huber,test,3,740167,34.41,22040,0.013367127553083958,0.02050418444738264,0.00014363005137915116,0.0019381777047967046,0.020585257760746305,7.961510136358426e-05,0.08890356136064465,6.3819309166957165e-40,0.10094696194356181,5.112792648898717e-51,0.5364791288566243,13555,0.5518996680191811,0.9442388703202806,-2.2151305778119498e-05,0.013438257403937849,0.02060720955693763,0.9950005307962569,0.009973943715167022,0.006132194306701422,0.9878787878787878
4,1,F2,huber,val,4,740167,39.33,22040,0.01070971849424705,0.016233104512775043,8.95923954316495e-05,0.001816220137494075,0.01617102511092372,-0.0004022025460599021,0.024664394173784916,0.0002502592890175287,0.039255473885744824,5.551549790532082e-09,0.5029038112522686,12107,0.512348228297679,0.21960363135291902,1.7325800263332978e-05,0.010632552993548414,0.0161712810326475,1.003823041600893,-0.00766069884886833,0.0013935186580056325,0.709090909090909
4,1,F2,huber,test,4,740167,39.33,22040,0.01337640988988241,0.020529862982793887,0.00014361740848253324,0.0016924662571209104,0.020585257760746305,-0.0013902008346481712,0.10153118530451367,1.362147147867885e-51,0.11740968889093056,1.7067816401730758e-68,0.5316696914700545,11721,0.5559252623496289,1.2349112494584862,0.0014933928689863118,0.013438257403937849,0.02060720955693763,0.9962466255351053,0.007492661109915422,0.007755072321742773,0.9999999999999999
4,2,F2,huber,val,5,740167,44.24,22040,0.010793919698141282,0.01632061928869997,9.058340812924533e-05,0.0024432582706119654,0.01617102511092372,0.00015020640465844258,0.014319316305957279,0.0335185677600754,0.022734766789441762,0.0007370316310183947,0.5061252268602541,14368,0.5083518930957683,0.09477427185661223,-9.659183763987505e-05,0.010632552993548414,0.0161712810326475,1.0092347820652539,-0.018554845330300607,0.0011852553543576505,0.22424242424242422
4,2,F2,huber,test,5,740167,44.24,22040,0.013402306357180621,0.02053690232204604,0.00014385099325500857,0.002309239345005624,0.020585257760746305,-0.0008092698726797109,0.08389363840711082,1.0088605933767109e-35,0.10134303907659584,2.087295470434871e-51,0.5317150635208712,13922,0.5510702485275104,0.7478532594866281,0.0008449864641635759,0.013438257403937849,0.02060720955693763,0.9965882214815484,0.006811916804244089,0.006085964851081371,0.9999999999999999
4,3,F2,huber,val,4,740167,39.32,22040,0.010735246490361873,0.01626093739411813,8.992191951615276e-05,0.0021631364847214903,0.01617102511092372,0.00047350878721359805,0.02840666937333832,2.4666414089427445e-05,0.034077043461759556,4.1877776349126056e-07,0.5105263157894737,13457,0.5141562012335588,0.21236060091377287,-0.00017221291047514467,0.010632552993548414,0.0161712810326475,1.005544171874178,-0.011119081590126312,0.0017935518408194184,0.8545454545454544
4,3,F2,huber,test,4,740167,39.32,22040,0.013376948896924108,0.020528851535748814,0.00014372144687257836,0.00196471133070487,0.020585257760746305,-0.00046784543703007824,0.07909761101207816,6.236774449642983e-32,0.09809060392463063,2.943692248209583e-48,0.5360254083484574,12916,0.5543511923196036,0.8287450097611627,0.0005505743486565655,0.013438257403937849,0.02060720955693763,0.9961975433416974,0.0075904546399667705,0.0059193712659180164,0.9636363636363635
4,4,F2,huber,val,5,740167,44.24,22040,0.010829411281698254,0.016323124720364728,9.08108413139617e-05,0.002565131458340647,0.01617102511092372,0.0008995735340599599,0.02949297186955974,1.191191102059152e-05,0.02363274475872546,0.0004501692708332062,0.5028584392014519,14984,0.5022023491724507,0.1859287122099149,-0.00024131958383499046,0.010632552993548414,0.0161712810326475,1.0093897129986598,-0.01886759270751659,0.002035411263932474,0.6242424242424242
4,4,F2,huber,test,5,740167,44.24,22040,0.013402742567870251,0.020513896570073714,0.0001438073834015647,0.002420530941740222,0.020585257760746305,-0.00015655867346784182,0.08846930799376924,1.5086143573270093e-39,0.10383658338620214,6.834330396121429e-54,0.5380671506352087,14668,0.5512680665394055,0.7523818339034666,0.00035325694242287827,0.013438257403937849,0.02060720955693763,0.9954718281188877,0.009035839421639769,0.006254907930269837,0.9878787878787878
5,0,F2,huber,val,3,740167,36.59,22040,0.013420564811608306,0.020551228823308624,0.0001441273894250351,0.001806375450529838,0.020585257771712585,-0.000445508714387218,0.06536695338374737,2.6246692701646477e-22,0.07938732909893396,3.734870152335924e-32,0.5277223230490018,12282,0.546409379579873,0.7449146769356703,0.0005744316889950977,0.013438257405805861,0.020607209567938913,0.9972834388641642,0.005425742567267244,0.004221470910124481,0.9636363636363635
5,0,F2,huber,test,3,740167,36.59,21560,0.014200106433757275,0.0222299765919391,0.00016180953257470833,0.0018846809141240609,0.022237494584294533,0.001074843996356961,0.06014731456763303,9.647912786685984e-19,0.060677067099183565,4.786136841275767e-19,0.5101576994434137,12367,0.5214684240316972,0.7096827754417188,-0.0009526034641298183,0.014178634022782936,0.02224710320187101,0.9992301644948333,0.0015390783636285432,0.005636739078909159,0.7939393939393938
5,1,F2,huber,val,5,740167,47.07,22040,0.01342815020375903,0.020576016905212383,0.00014433075986000255,0.0020655667712314624,0.020585257771712585,-0.00101468812971938,0.06675086981910439,3.398923322238317e-23,0.08306209493579339,4.7548770544375517e-35,0.5290381125226861,13014,0.5395727677885355,0.665233330071961,0.000993340650556381,0.013438257405805861,0.020607209567938913,0.9984863228267907,0.0030250631278339046,0.004710784123744816,0.9515151515151514
5,1,F2,huber,test,5,740167,47.07,21560,0.014170804336418248,0.022204982821178196,0.0001612168947129245,0.002230900331331572,0.022237494584294533,0.0005203669037820707,0.06745263728138519,3.5822787398819e-23,0.08655769760623269,3.890870520365219e-37,0.5277829313543599,13534,0.538643416580464,0.6723642626140475,-0.000564079605979732,0.014178634022782936,0.02224710320187101,0.9981067026879584,0.003783010049371538,0.004068373549671378,0.8545454545454544
5,2,F2,huber,val,4,740167,41.81,22040,0.01339230748928735,0.02052183776499454,0.00014386426846283812,0.0019443453313850525,0.020585257771712585,-5.9005023499949127e-05,0.0798375591728349,1.6772727465454105e-32,0.09324884080629077,9.226098035747846e-44,0.5348911070780399,13325,0.5533958724202627,0.8452596917371845,0.00019702020585474797,0.013438257405805861,0.020607209567938913,0.9958571876185899,0.008268461868392918,0.005410959478467703,0.9999999999999999
5,2,F2,huber,test,4,740167,41.81,21560,0.014167636931902618,0.02223175912752405,0.0001614124426027834,0.002049195175383503,0.022237494584294533,0.0014795980945407298,0.07289459652034598,8.471751731027375e-27,0.09960121123000988,1.156144653205057e-48,0.5282931354359925,13261,0.5407586154890279,0.791038947786983,-0.0013070354271588803,0.014178634022782936,0.02224710320187101,0.9993102888853561,0.0013789465278660762,0.00448734822566621,0.8787878787878788
5,3,F2,huber,val,3,740167,36.58,22040,0.013377264460136089,0.02048064282680124,0.00014345801731938316,0.001667296267986962,0.020585257771712585,0.0004380600247309625,0.10587872092413682,5.676086251197096e-56,0.11503051957399095,8.38871880208532e-66,0.5357985480943739,14028,0.5562446535500428,1.307230637176487,-0.0008647972108818043,0.013438257405805861,0.020607209567938913,0.9938581329645626,0.012246011540194002,0.007500267354771495,0.9878787878787878
5,3,F2,huber,test,3,740167,36.58,21560,0.01420571191238044,0.022257026833249573,0.00016184234971229478,0.0016589923315936711,0.022237494584294533,0.0019455122615106013,0.0768218191838157,1.372733004813545e-29,0.09345387342482282,4.992494641742321e-43,0.5153525046382189,13615,0.5233198677928755,1.0297363981271055,-0.00198392356257673,0.014178634022782936,0.02224710320187101,1.00044606397914,-0.0008923269313532156,0.006605756236240268,0.9878787878787878
5,4,F2,huber,val,5,740167,47.03,22040,0.01344927602748003,0.020579415550645082,0.0001445841659292982,0.0022869074752068395,0.020585257771712585,-0.0008929889018947205,0.06657097984959999,4.4440048258976865e-23,0.07819833439849004,3.02683552031873e-31,0.5279038112522686,13930,0.539770279971285,0.5992287817396531,0.0009162059770807984,0.013438257405805861,0.020607209567938913,0.9986512478944712,0.0026956850788155684,0.004165735736023635,0.9272727272727272
5,4,F2,huber,test,5,740167,47.03,21560,0.014188412373881375,0.022212668414614233,0.00016149408845504617,0.0025008126575408996,0.022237494584294533,0.0005997676240516274,0.06938555612003278,1.9866293492594096e-24,0.08317089229735837,2.0780596665979228e-34,0.524721706864564,14232,0.5347105115233277,0.6169838127597762,-0.0006204573473306237,0.014178634022782936,0.02224710320187101,0.9984521675948408,0.003093269025164047,0.0054659123125020415,0.8060606060606059
